0,CombatZoneResize,133,251,508,391,TLResume,,
0,HeartTeleport,320,376,,,,,
0,HeartMode,1,,,,,,
0,TLPause,,,,,,,
0.4,BoneVRepeat,128,257,95,0,220,8,133
0,BoneVRepeat,128,366,20,0,220,8,133
0,BoneVRepeat,503,257,95,2,220,8,133
0,BoneVRepeat,503,366,20,2,220,8,133
0,BoneVRepeat,138,257,95,0,220,8,133
0,BoneVRepeat,138,366,20,0,220,8,133
0,BoneVRepeat,513,257,95,2,220,8,133
0,BoneVRepeat,513,366,20,2,220,8,133
6,CombatZoneResize,483,251,608,391,TLResume,
0,SansSlam,4
0,SansBody,HandRight,,,,,,,
0.1,GasterBlaster,2,608,0,598,200,90,0.333333,0.666666
2,CombatZoneResizeinstant,43,251,608,391,TLResume,
0,SansSlam,2
0,SansBody,HandLeft,,,,,,,
0.5,GasterBlaster,2,0,0,58,200,90,0.333333,0.666666
2,SansSlam,1
0,SansBody,HandDown,,,,,,,
0.4,BoneVRepeat,630,252,95,2,220,6,133
0,BoneVRepeat,630,366,20,2,220,6,133
0,SansAnimation,Idle,
0.4,GasterBlaster,2,0,0,88,200,90,0.333333,0.666666
0.4,GasterBlaster,2,0,0,118,200,90,0.333333,0.666666
0.4,GasterBlaster,2,0,0,148,200,90,0.333333,0.666666
0.4,GasterBlaster,2,0,0,178,200,90,0.333333,0.666666
0.4,GasterBlaster,2,0,0,208,200,90,0.333333,0.666666
0.4,GasterBlaster,2,0,0,238,200,90,0.333333,0.666666
0.4,GasterBlaster,2,0,0,268,200,90,0.333333,0.666666
0.4,GasterBlaster,2,0,0,298,200,90,0.333333,0.666666
0.4,CombatZoneResize,233,251,408,391,TLResume,
2,BoneStab,1,59,0.36666,0.001,,,,
2,EndAttack,,,,,,,
